{
	"version": 1,
	"changelists": [
		{
			"guid": "00000000000000000000000000000000",
			"description": "Default Uncontrolled Changelist",
			"files": [
				"/Users/jasonz/Documents/Unreal Projects/CS415MP1/Content/InfiniteMatrix/UI/HealthbarWidget.uasset",
				"/Users/jasonz/Documents/Unreal Projects/CS415MP1/Content/InfiniteMatrix/Blueprints/BP_Player.uasset",
				"/Users/jasonz/Documents/Unreal Projects/CS415MP1/Content/InfiniteMatrix/UI/HealthEmpty.uasset",
				"/Users/jasonz/Documents/Unreal Projects/CS415MP1/Content/InfiniteMatrix/UI/HealthFull.uasset",
				"/Users/jasonz/Documents/Unreal Projects/CS415MP1/Content/InfiniteMatrix/Blueprints/BP_Tunnel.uasset",
				"/Users/jasonz/Documents/Unreal Projects/CS415MP1/Content/InfiniteMatrix/UI/ScoreWidget.uasset",
				"/Users/jasonz/Documents/Unreal Projects/CS415MP1/Content/InfiniteMatrix/Blueprints/HealthPack.uasset",
				"/Users/jasonz/Documents/Unreal Projects/CS415MP1/Content/InfiniteMatrix/Meshes/SM_Healthpack.uasset",
				"/Users/jasonz/Documents/Unreal Projects/CS415MP1/Content/InfiniteMatrix/Materials/M_HealthPack.uasset",
				"/Users/jasonz/Documents/Unreal Projects/CS415MP1/Content/InfiniteMatrix/Blueprints/BP_TunnelSpawner.uasset",
				"/Users/jasonz/Documents/Unreal Projects/CS415MP1/Content/InfiniteMatrix/Blueprints/BP_HealthPack.uasset",
				"/Users/jasonz/Documents/Unreal Projects/CS415MP1/Content/InfiniteMatrix/Maps/TutorialMap.umap",
				"/Users/jasonz/Documents/Unreal Projects/CS415MP1/Content/InfiniteMatrix/Materials/02_-_Default.uasset",
				"/Users/jasonz/Documents/Unreal Projects/CS415MP1/Content/InfiniteMatrix/Materials/03_-_Default.uasset",
				"/Users/jasonz/Documents/Unreal Projects/CS415MP1/Content/InfiniteMatrix/Materials/05_-_Default.uasset",
				"/Users/jasonz/Documents/Unreal Projects/CS415MP1/Content/InfiniteMatrix/Materials/07_-_Default.uasset",
				"/Users/jasonz/Documents/Unreal Projects/CS415MP1/Content/InfiniteMatrix/Meshes/Boo.uasset",
				"/Users/jasonz/Documents/Unreal Projects/CS415MP1/Content/InfiniteMatrix/Blueprints/BP_Enemy.uasset",
				"/Users/jasonz/Documents/Unreal Projects/CS415MP1/Content/InfiniteMatrix/Meshes/02_-_Default.uasset",
				"/Users/jasonz/Documents/Unreal Projects/CS415MP1/Content/InfiniteMatrix/Meshes/03_-_Default.uasset",
				"/Users/jasonz/Documents/Unreal Projects/CS415MP1/Content/InfiniteMatrix/Meshes/07_-_Default.uasset",
				"/Users/jasonz/Documents/Unreal Projects/CS415MP1/Content/InfiniteMatrix/Meshes/M_Bullet_Black.uasset",
				"/Users/jasonz/Documents/Unreal Projects/CS415MP1/Content/InfiniteMatrix/Materials/M_Bullet_Black.uasset",
				"/Users/jasonz/Documents/Unreal Projects/CS415MP1/Content/InfiniteMatrix/Meshes/M_Bullet_White.uasset",
				"/Users/jasonz/Documents/Unreal Projects/CS415MP1/Content/InfiniteMatrix/Materials/M_Bullet_White.uasset",
				"/Users/jasonz/Documents/Unreal Projects/CS415MP1/Content/InfiniteMatrix/Blueprints/BP_Bullet.uasset",
				"/Users/jasonz/Documents/Unreal Projects/CS415MP1/Content/InfiniteMatrix/Materials/M_Bullet_White2.uasset",
				"/Users/jasonz/Documents/Unreal Projects/CS415MP1/Content/InfiniteMatrix/Meshes/Bullet_Bill.uasset",
				"/Users/jasonz/Documents/Unreal Projects/CS415MP1/Content/InfiniteMatrix/Blueprints/BP_Bullet2.uasset",
				"/Users/jasonz/Documents/Unreal Projects/CS415MP1/Content/InfiniteMatrix/Materials/M_PostProcess.uasset",
				"/Users/jasonz/Documents/Unreal Projects/CS415MP1/Content/InfiniteMatrix/Materials/october-pail1.uasset"
			]
		}
	]
}